student_id,name,age,major,GPA,python,math,database,avg_score
S001,Alice,20.0,ICT,3.4,85,80.0,88.0,84.33333333333333
S002,Bob,21.0,Data Science,3.7,92,88.0,90.0,90.0
S003,Carol,20.0,ICT,3.2,78,82.0,76.0,78.66666666666667
S004,David,22.0,Data Science,3.8,95,91.0,94.0,93.33333333333333
S005,Emma,21.0,Cybersecurity,3.55,89,84.0,91.0,88.0
S006,Frank,20.0,Applied Mathematics,3.1,74,86.0,72.0,77.33333333333333
S007,Grace,21.0,ICT,3.85,96,90.0,93.0,93.0
S008,Henry,22.0,Cybersecurity,2.95,70,75.0,68.0,71.0
S009,Ivy,20.0,Data Science,3.6,91,89.0,87.0,89.0
S010,Jack,21.0,Applied Mathematics,3.35,82,93.0,79.0,84.66666666666667
S011,Kate,22.0,ICT,3.9,97,92.0,96.0,95.0
S012,Leo,20.0,Data Science,3.489285714285714,84,85.67857142857143,81.0,83.55952380952381
S013,Mia,21.0,Cybersecurity,3.45,88,83.0,90.0,87.0
S014,Noah,22.0,Applied Mathematics,3.75,90,95.0,86.0,90.33333333333333
S015,Olivia,20.93103448275862,ICT,3.5,86,79.0,85.0,83.33333333333333
S016,Peter,21.0,Data Science,3.15,77,81.0,80.0,79.33333333333333
S017,Quinn,20.0,Cybersecurity,3.65,93,85.0,92.0,90.0
S018,Rose,22.0,Applied Mathematics,3.05,72,88.0,74.0,78.0
S019,Sam,21.0,ICT,3.3,80,78.0,82.0,80.0
S020,Tina,20.0,Data Science,3.95,98,94.0,97.0,96.33333333333333
S021,Uma,22.0,Cybersecurity,3.25,79,76.0,84.0,79.66666666666667
S022,Victor,21.0,Applied Mathematics,3.55,87,91.0,83.0,87.0
S023,Wendy,20.0,ICT,3.7,94,86.0,89.0,89.66666666666667
S024,Xavier,22.0,Data Science,3.4,83,85.0,85.17241379310344,84.39080459770115
S025,Yara,21.0,Cybersecurity,3.489285714285714,81,80.0,86.0,82.33333333333333
S026,Zack,20.0,Applied Mathematics,3.8,92,97.0,88.0,92.33333333333333
S027,Anna,21.0,ICT,3.6,89,87.0,91.0,89.0
S028,Brian,22.0,Data Science,2.85,69,74.0,71.0,71.33333333333333
S029,Chloe,20.0,Cybersecurity,3.9,96,85.67857142857143,95.0,92.22619047619048
S030,Daniel,21.0,Applied Mathematics,3.45,84,90.0,82.0,85.33333333333333
